<?xml version="1.0" encoding="UTF-8"?>
<GenRun Id="impl_1" LaunchPart="xc7a100tcsg324-1" LaunchTime="1669844233">
  <File Type="BITSTR-BMM" Name="temp2_bd.bmm"/>
  <File Type="OPT-METHODOLOGY-DRC" Name="temp2_methodology_drc_opted.rpt"/>
  <File Type="INIT-TIMING" Name="temp2_timing_summary_init.rpt"/>
  <File Type="ROUTE-PWR" Name="temp2_power_routed.rpt"/>
  <File Type="PA-TCL" Name="temp2.tcl"/>
  <File Type="OPT-TIMING" Name="temp2_timing_summary_opted.rpt"/>
  <File Type="OPT-DCP" Name="temp2_opt.dcp"/>
  <File Type="ROUTE-PWR-SUM" Name="temp2_power_summary_routed.pb"/>
  <File Type="REPORTS-TCL" Name="temp2_reports.tcl"/>
  <File Type="OPT-DRC" Name="temp2_drc_opted.rpt"/>
  <File Type="OPT-HWDEF" Name="temp2.hwdef"/>
  <File Type="PWROPT-DCP" Name="temp2_pwropt.dcp"/>
  <File Type="PWROPT-DRC" Name="temp2_drc_pwropted.rpt"/>
  <File Type="PWROPT-TIMING" Name="temp2_timing_summary_pwropted.rpt"/>
  <File Type="PLACE-DCP" Name="temp2_placed.dcp"/>
  <File Type="PLACE-IO" Name="temp2_io_placed.rpt"/>
  <File Type="PLACE-CLK" Name="temp2_clock_utilization_placed.rpt"/>
  <File Type="PLACE-UTIL" Name="temp2_utilization_placed.rpt"/>
  <File Type="PLACE-UTIL-PB" Name="temp2_utilization_placed.pb"/>
  <File Type="PLACE-CTRL" Name="temp2_control_sets_placed.rpt"/>
  <File Type="PLACE-SIMILARITY" Name="temp2_incremental_reuse_placed.rpt"/>
  <File Type="PLACE-PRE-SIMILARITY" Name="temp2_incremental_reuse_pre_placed.rpt"/>
  <File Type="PLACE-TIMING" Name="temp2_timing_summary_placed.rpt"/>
  <File Type="POSTPLACE-PWROPT-DCP" Name="temp2_postplace_pwropt.dcp"/>
  <File Type="BG-BIN" Name="temp2.bin"/>
  <File Type="POSTPLACE-PWROPT-TIMING" Name="temp2_timing_summary_postplace_pwropted.rpt"/>
  <File Type="PHYSOPT-DCP" Name="temp2_physopt.dcp"/>
  <File Type="PHYSOPT-DRC" Name="temp2_drc_physopted.rpt"/>
  <File Type="BITSTR-MSK" Name="temp2.msk"/>
  <File Type="PHYSOPT-TIMING" Name="temp2_timing_summary_physopted.rpt"/>
  <File Type="ROUTE-ERROR-DCP" Name="temp2_routed_error.dcp"/>
  <File Type="ROUTE-DCP" Name="temp2_routed.dcp"/>
  <File Type="ROUTE-BLACKBOX-DCP" Name="temp2_routed_bb.dcp"/>
  <File Type="ROUTE-DRC" Name="temp2_drc_routed.rpt"/>
  <File Type="ROUTE-DRC-PB" Name="temp2_drc_routed.pb"/>
  <File Type="ROUTE-DRC-RPX" Name="temp2_drc_routed.rpx"/>
  <File Type="BITSTR-MMI" Name="temp2.mmi"/>
  <File Type="ROUTE-METHODOLOGY-DRC" Name="temp2_methodology_drc_routed.rpt"/>
  <File Type="ROUTE-METHODOLOGY-DRC-RPX" Name="temp2_methodology_drc_routed.rpx"/>
  <File Type="ROUTE-METHODOLOGY-DRC-PB" Name="temp2_methodology_drc_routed.pb"/>
  <File Type="ROUTE-PWR-RPX" Name="temp2_power_routed.rpx"/>
  <File Type="ROUTE-STATUS" Name="temp2_route_status.rpt"/>
  <File Type="ROUTE-STATUS-PB" Name="temp2_route_status.pb"/>
  <File Type="ROUTE-TIMINGSUMMARY" Name="temp2_timing_summary_routed.rpt"/>
  <File Type="ROUTE-TIMING-PB" Name="temp2_timing_summary_routed.pb"/>
  <File Type="ROUTE-TIMING-RPX" Name="temp2_timing_summary_routed.rpx"/>
  <File Type="ROUTE-SIMILARITY" Name="temp2_incremental_reuse_routed.rpt"/>
  <File Type="ROUTE-CLK" Name="temp2_clock_utilization_routed.rpt"/>
  <File Type="ROUTE-BUS-SKEW" Name="temp2_bus_skew_routed.rpt"/>
  <File Type="ROUTE-BUS-SKEW-PB" Name="temp2_bus_skew_routed.pb"/>
  <File Type="ROUTE-BUS-SKEW-RPX" Name="temp2_bus_skew_routed.rpx"/>
  <File Type="POSTROUTE-PHYSOPT-DCP" Name="temp2_postroute_physopt.dcp"/>
  <File Type="POSTROUTE-PHYSOPT-BLACKBOX-DCP" Name="temp2_postroute_physopt_bb.dcp"/>
  <File Type="POSTROUTE-PHYSOPT-TIMING" Name="temp2_timing_summary_postroute_physopted.rpt"/>
  <File Type="POSTROUTE-PHYSOPT-TIMING-PB" Name="temp2_timing_summary_postroute_physopted.pb"/>
  <File Type="POSTROUTE-PHYSOPT-TIMING-RPX" Name="temp2_timing_summary_postroute_physopted.rpx"/>
  <File Type="POSTROUTE-PHYSOPT-BUS-SKEW" Name="temp2_bus_skew_postroute_physopted.rpt"/>
  <File Type="POSTROUTE-PHYSOPT-BUS-SKEW-PB" Name="temp2_bus_skew_postroute_physopted.pb"/>
  <File Type="BG-BIT" Name="temp2.bit"/>
  <File Type="POSTROUTE-PHYSOPT-BUS-SKEW-RPX" Name="temp2_bus_skew_postroute_physopted.rpx"/>
  <File Type="BITSTR-RBT" Name="temp2.rbt"/>
  <File Type="BITSTR-NKY" Name="temp2.nky"/>
  <File Type="PDI-FILE" Name="temp2.pdi"/>
  <File Type="RCFI_FILE" Name="temp2.rcfi"/>
  <File Type="CFI_FILE" Name="temp2.cfi"/>
  <File Type="RNPI_FILE" Name="temp2.rnpi"/>
  <File Type="NPI_FILE" Name="temp2.npi"/>
  <File Type="RBD_FILE" Name="temp2.rbd"/>
  <File Type="BITSTR-LTX" Name="debug_nets.ltx"/>
  <File Type="BITSTR-LTX" Name="temp2.ltx"/>
  <File Type="BITSTR-SYSDEF" Name="temp2.sysdef"/>
  <File Type="BG-BGN" Name="temp2.bgn"/>
  <File Type="BG-DRC" Name="temp2.drc"/>
  <File Type="RDI-RDI" Name="temp2.vdi"/>
  <File Type="WBT-USG" Name="usage_statistics_webtalk.html"/>
  <FileSet Name="sources" Type="DesignSrcs" RelSrcDir="$PSRCDIR/sources_1">
    <Filter Type="Srcs"/>
    <File Path="$PSRCDIR/sources_1/new/I2C_temp.v">
      <FileInfo>
        <Attr Name="UsedIn" Val="synthesis"/>
        <Attr Name="UsedIn" Val="implementation"/>
        <Attr Name="UsedIn" Val="simulation"/>
      </FileInfo>
    </File>
    <File Path="$PSRCDIR/sources_1/new/vga_temp.v">
      <FileInfo>
        <Attr Name="AutoDisabled" Val="1"/>
        <Attr Name="UsedIn" Val="synthesis"/>
        <Attr Name="UsedIn" Val="implementation"/>
        <Attr Name="UsedIn" Val="simulation"/>
      </FileInfo>
    </File>
    <Config>
      <Option Name="DesignMode" Val="RTL"/>
      <Option Name="TopModule" Val="temp2"/>
      <Option Name="TopAutoSet" Val="TRUE"/>
    </Config>
  </FileSet>
  <FileSet Name="constrs_in" Type="Constrs" RelSrcDir="$PSRCDIR/constrs_1">
    <Filter Type="Constrs"/>
    <File Path="$PSRCDIR/constrs_1/new/Nexys4_Master_Temp.xdc">
      <FileInfo>
        <Attr Name="UsedIn" Val="synthesis"/>
        <Attr Name="UsedIn" Val="implementation"/>
      </FileInfo>
    </File>
    <Config>
      <Option Name="ConstrsType" Val="XDC"/>
    </Config>
  </FileSet>
  <FileSet Name="utils" Type="Utils" RelSrcDir="$PSRCDIR/utils_1">
    <Filter Type="Utils"/>
    <Config>
      <Option Name="TopAutoSet" Val="TRUE"/>
    </Config>
  </FileSet>
  <Strategy Version="1" Minor="2">
    <StratHandle Name="Vivado Implementation Defaults" Flow="Vivado Implementation 2019"/>
    <Step Id="init_design"/>
    <Step Id="opt_design"/>
    <Step Id="power_opt_design"/>
    <Step Id="place_design"/>
    <Step Id="post_place_power_opt_design"/>
    <Step Id="phys_opt_design" EnableStepBool="1"/>
    <Step Id="route_design"/>
    <Step Id="post_route_phys_opt_design"/>
    <Step Id="write_bitstream"/>
  </Strategy>
</GenRun>
