<?xml version="1.0" encoding="UTF-8"?>
<GenRun Id="impl_1" LaunchPart="xc7a100tcsg324-1" LaunchTime="1664499276">
  <File Type="BITSTR-BMM" Name="RCAs_bd.bmm"/>
  <File Type="OPT-METHODOLOGY-DRC" Name="RCAs_methodology_drc_opted.rpt"/>
  <File Type="INIT-TIMING" Name="RCAs_timing_summary_init.rpt"/>
  <File Type="ROUTE-PWR" Name="RCAs_power_routed.rpt"/>
  <File Type="PA-TCL" Name="RCAs.tcl"/>
  <File Type="OPT-TIMING" Name="RCAs_timing_summary_opted.rpt"/>
  <File Type="OPT-DCP" Name="RCAs_opt.dcp"/>
  <File Type="ROUTE-PWR-SUM" Name="RCAs_power_summary_routed.pb"/>
  <File Type="REPORTS-TCL" Name="RCAs_reports.tcl"/>
  <File Type="OPT-DRC" Name="RCAs_drc_opted.rpt"/>
  <File Type="OPT-HWDEF" Name="RCAs.hwdef"/>
  <File Type="PWROPT-DCP" Name="RCAs_pwropt.dcp"/>
  <File Type="PWROPT-DRC" Name="RCAs_drc_pwropted.rpt"/>
  <File Type="PWROPT-TIMING" Name="RCAs_timing_summary_pwropted.rpt"/>
  <File Type="PLACE-DCP" Name="RCAs_placed.dcp"/>
  <File Type="PLACE-IO" Name="RCAs_io_placed.rpt"/>
  <File Type="PLACE-CLK" Name="RCAs_clock_utilization_placed.rpt"/>
  <File Type="PLACE-UTIL" Name="RCAs_utilization_placed.rpt"/>
  <File Type="PLACE-UTIL-PB" Name="RCAs_utilization_placed.pb"/>
  <File Type="PLACE-CTRL" Name="RCAs_control_sets_placed.rpt"/>
  <File Type="PLACE-SIMILARITY" Name="RCAs_incremental_reuse_placed.rpt"/>
  <File Type="PLACE-PRE-SIMILARITY" Name="RCAs_incremental_reuse_pre_placed.rpt"/>
  <File Type="PLACE-TIMING" Name="RCAs_timing_summary_placed.rpt"/>
  <File Type="POSTPLACE-PWROPT-DCP" Name="RCAs_postplace_pwropt.dcp"/>
  <File Type="BG-BIN" Name="RCAs.bin"/>
  <File Type="POSTPLACE-PWROPT-TIMING" Name="RCAs_timing_summary_postplace_pwropted.rpt"/>
  <File Type="PHYSOPT-DCP" Name="RCAs_physopt.dcp"/>
  <File Type="PHYSOPT-DRC" Name="RCAs_drc_physopted.rpt"/>
  <File Type="BITSTR-MSK" Name="RCAs.msk"/>
  <File Type="PHYSOPT-TIMING" Name="RCAs_timing_summary_physopted.rpt"/>
  <File Type="ROUTE-ERROR-DCP" Name="RCAs_routed_error.dcp"/>
  <File Type="ROUTE-DCP" Name="RCAs_routed.dcp"/>
  <File Type="ROUTE-BLACKBOX-DCP" Name="RCAs_routed_bb.dcp"/>
  <File Type="ROUTE-DRC" Name="RCAs_drc_routed.rpt"/>
  <File Type="ROUTE-DRC-PB" Name="RCAs_drc_routed.pb"/>
  <File Type="ROUTE-DRC-RPX" Name="RCAs_drc_routed.rpx"/>
  <File Type="BITSTR-MMI" Name="RCAs.mmi"/>
  <File Type="ROUTE-METHODOLOGY-DRC" Name="RCAs_methodology_drc_routed.rpt"/>
  <File Type="ROUTE-METHODOLOGY-DRC-RPX" Name="RCAs_methodology_drc_routed.rpx"/>
  <File Type="ROUTE-METHODOLOGY-DRC-PB" Name="RCAs_methodology_drc_routed.pb"/>
  <File Type="ROUTE-PWR-RPX" Name="RCAs_power_routed.rpx"/>
  <File Type="ROUTE-STATUS" Name="RCAs_route_status.rpt"/>
  <File Type="ROUTE-STATUS-PB" Name="RCAs_route_status.pb"/>
  <File Type="ROUTE-TIMINGSUMMARY" Name="RCAs_timing_summary_routed.rpt"/>
  <File Type="ROUTE-TIMING-PB" Name="RCAs_timing_summary_routed.pb"/>
  <File Type="ROUTE-TIMING-RPX" Name="RCAs_timing_summary_routed.rpx"/>
  <File Type="ROUTE-SIMILARITY" Name="RCAs_incremental_reuse_routed.rpt"/>
  <File Type="ROUTE-CLK" Name="RCAs_clock_utilization_routed.rpt"/>
  <File Type="ROUTE-BUS-SKEW" Name="RCAs_bus_skew_routed.rpt"/>
  <File Type="ROUTE-BUS-SKEW-PB" Name="RCAs_bus_skew_routed.pb"/>
  <File Type="ROUTE-BUS-SKEW-RPX" Name="RCAs_bus_skew_routed.rpx"/>
  <File Type="POSTROUTE-PHYSOPT-DCP" Name="RCAs_postroute_physopt.dcp"/>
  <File Type="POSTROUTE-PHYSOPT-BLACKBOX-DCP" Name="RCAs_postroute_physopt_bb.dcp"/>
  <File Type="POSTROUTE-PHYSOPT-TIMING" Name="RCAs_timing_summary_postroute_physopted.rpt"/>
  <File Type="POSTROUTE-PHYSOPT-TIMING-PB" Name="RCAs_timing_summary_postroute_physopted.pb"/>
  <File Type="POSTROUTE-PHYSOPT-TIMING-RPX" Name="RCAs_timing_summary_postroute_physopted.rpx"/>
  <File Type="POSTROUTE-PHYSOPT-BUS-SKEW" Name="RCAs_bus_skew_postroute_physopted.rpt"/>
  <File Type="POSTROUTE-PHYSOPT-BUS-SKEW-PB" Name="RCAs_bus_skew_postroute_physopted.pb"/>
  <File Type="BG-BIT" Name="RCAs.bit"/>
  <File Type="POSTROUTE-PHYSOPT-BUS-SKEW-RPX" Name="RCAs_bus_skew_postroute_physopted.rpx"/>
  <File Type="BITSTR-RBT" Name="RCAs.rbt"/>
  <File Type="BITSTR-NKY" Name="RCAs.nky"/>
  <File Type="PDI-FILE" Name="RCAs.pdi"/>
  <File Type="RCFI_FILE" Name="RCAs.rcfi"/>
  <File Type="CFI_FILE" Name="RCAs.cfi"/>
  <File Type="RNPI_FILE" Name="RCAs.rnpi"/>
  <File Type="NPI_FILE" Name="RCAs.npi"/>
  <File Type="RBD_FILE" Name="RCAs.rbd"/>
  <File Type="BITSTR-LTX" Name="debug_nets.ltx"/>
  <File Type="BITSTR-LTX" Name="RCAs.ltx"/>
  <File Type="BITSTR-SYSDEF" Name="RCAs.sysdef"/>
  <File Type="BG-BGN" Name="RCAs.bgn"/>
  <File Type="BG-DRC" Name="RCAs.drc"/>
  <File Type="RDI-RDI" Name="RCAs.vdi"/>
  <File Type="WBT-USG" Name="usage_statistics_webtalk.html"/>
  <FileSet Name="sources" Type="DesignSrcs" RelSrcDir="$PSRCDIR/sources_1">
    <Filter Type="Srcs"/>
    <File Path="$PSRCDIR/sources_1/new/FullAdder.v">
      <FileInfo>
        <Attr Name="UsedIn" Val="synthesis"/>
        <Attr Name="UsedIn" Val="implementation"/>
        <Attr Name="UsedIn" Val="simulation"/>
      </FileInfo>
    </File>
    <File Path="$PSRCDIR/sources_1/new/RCAs.v">
      <FileInfo>
        <Attr Name="UsedIn" Val="synthesis"/>
        <Attr Name="UsedIn" Val="implementation"/>
        <Attr Name="UsedIn" Val="simulation"/>
      </FileInfo>
    </File>
    <File Path="$PSRCDIR/sources_1/new/RCA.v">
      <FileInfo>
        <Attr Name="AutoDisabled" Val="1"/>
        <Attr Name="UsedIn" Val="synthesis"/>
        <Attr Name="UsedIn" Val="implementation"/>
        <Attr Name="UsedIn" Val="simulation"/>
      </FileInfo>
    </File>
    <Config>
      <Option Name="DesignMode" Val="RTL"/>
      <Option Name="TopModule" Val="RCAs"/>
      <Option Name="TopAutoSet" Val="TRUE"/>
    </Config>
  </FileSet>
  <FileSet Name="constrs_in" Type="Constrs" RelSrcDir="$PSRCDIR/constrs_1">
    <Filter Type="Constrs"/>
    <Config>
      <Option Name="ConstrsType" Val="XDC"/>
    </Config>
  </FileSet>
  <FileSet Name="utils" Type="Utils" RelSrcDir="$PSRCDIR/utils_1">
    <Filter Type="Utils"/>
    <Config>
      <Option Name="TopAutoSet" Val="TRUE"/>
    </Config>
  </FileSet>
  <Strategy Version="1" Minor="2">
    <StratHandle Name="Vivado Implementation Defaults" Flow="Vivado Implementation 2019"/>
    <Step Id="init_design"/>
    <Step Id="opt_design"/>
    <Step Id="power_opt_design"/>
    <Step Id="place_design"/>
    <Step Id="post_place_power_opt_design"/>
    <Step Id="phys_opt_design" EnableStepBool="1"/>
    <Step Id="route_design"/>
    <Step Id="post_route_phys_opt_design"/>
    <Step Id="write_bitstream"/>
  </Strategy>
</GenRun>
